-- MySQL Script generated by MySQL Workbench
-- Mon May 11 11:55:49 2026
-- Model: New Model    Version: 1.0
-- MySQL Workbench Forward Engineering

SET @OLD_UNIQUE_CHECKS=@@UNIQUE_CHECKS, UNIQUE_CHECKS=0;
SET @OLD_FOREIGN_KEY_CHECKS=@@FOREIGN_KEY_CHECKS, FOREIGN_KEY_CHECKS=0;
SET @OLD_SQL_MODE=@@SQL_MODE, SQL_MODE='ONLY_FULL_GROUP_BY,STRICT_TRANS_TABLES,NO_ZERO_IN_DATE,NO_ZERO_DATE,ERROR_FOR_DIVISION_BY_ZERO,NO_ENGINE_SUBSTITUTION';

-- -----------------------------------------------------
-- Schema steam_db
-- -----------------------------------------------------

-- -----------------------------------------------------
-- Schema steam_db
-- -----------------------------------------------------
CREATE SCHEMA IF NOT EXISTS `steam_db` DEFAULT CHARACTER SET utf8 ;
USE `steam_db` ;

-- -----------------------------------------------------
-- Table `steam_db`.`game_genre`
-- -----------------------------------------------------
CREATE TABLE IF NOT EXISTS `steam_db`.`game_genre` (
  `id_game_genre` INT NOT NULL AUTO_INCREMENT,
  `name` VARCHAR(255) NULL,
  `description` LONGTEXT NULL,
  PRIMARY KEY (`id_game_genre`))
ENGINE = InnoDB;


-- -----------------------------------------------------
-- Table `steam_db`.`developer`
-- -----------------------------------------------------
CREATE TABLE IF NOT EXISTS `steam_db`.`developer` (
  `id_developer` INT NOT NULL AUTO_INCREMENT,
  `name` VARCHAR(255) NULL,
  `description` LONGTEXT NULL,
  PRIMARY KEY (`id_developer`))
ENGINE = InnoDB;


-- -----------------------------------------------------
-- Table `steam_db`.`game`
-- -----------------------------------------------------
CREATE TABLE IF NOT EXISTS `steam_db`.`game` (
  `id_game` INT NOT NULL AUTO_INCREMENT,
  `name` VARCHAR(255) NULL,
  `developer_id` INT NOT NULL,
  `release_date` DATE NULL,
  `image` VARCHAR(255) NULL,
  `description` LONGTEXT NULL,
  `storage_space` INT NULL,
  `windows_support` TINYINT NULL,
  `mac_support` TINYINT NULL,
  `linux_support` TINYINT NULL,
  PRIMARY KEY (`id_game`),
  INDEX `fk_game_developer1_idx` (`developer_id` ASC) VISIBLE,
  CONSTRAINT `fk_game_developer1`
    FOREIGN KEY (`developer_id`)
    REFERENCES `steam_db`.`developer` (`id_developer`)
    ON DELETE NO ACTION
    ON UPDATE NO ACTION)
ENGINE = InnoDB;


-- -----------------------------------------------------
-- Table `steam_db`.`player`
-- -----------------------------------------------------
CREATE TABLE IF NOT EXISTS `steam_db`.`player` (
  `id_player` INT NOT NULL AUTO_INCREMENT,
  `nickname` VARCHAR(255) NULL,
  `name` VARCHAR(255) NULL,
  `registration_day` DATE NULL,
  PRIMARY KEY (`id_player`))
ENGINE = InnoDB;


-- -----------------------------------------------------
-- Table `steam_db`.`game_player`
-- -----------------------------------------------------
CREATE TABLE IF NOT EXISTS `steam_db`.`game_player` (
  `game_id` INT NOT NULL,
  `player_id` INT NOT NULL,
  PRIMARY KEY (`game_id`, `player_id`),
  INDEX `fk_Game_has_Player_Player1_idx` (`player_id` ASC) VISIBLE,
  INDEX `fk_Game_has_Player_Game1_idx` (`game_id` ASC) VISIBLE,
  CONSTRAINT `fk_Game_has_Player_Game1`
    FOREIGN KEY (`game_id`)
    REFERENCES `steam_db`.`game` (`id_game`)
    ON DELETE NO ACTION
    ON UPDATE NO ACTION,
  CONSTRAINT `fk_Game_has_Player_Player1`
    FOREIGN KEY (`player_id`)
    REFERENCES `steam_db`.`player` (`id_player`)
    ON DELETE NO ACTION
    ON UPDATE NO ACTION)
ENGINE = InnoDB;


-- -----------------------------------------------------
-- Table `steam_db`.`operating_system`
-- -----------------------------------------------------
CREATE TABLE IF NOT EXISTS `steam_db`.`operating_system` (
  `id_operating_system` INT NOT NULL AUTO_INCREMENT,
  `name` VARCHAR(255) NULL,
  `description` VARCHAR(255) NULL,
  PRIMARY KEY (`id_operating_system`))
ENGINE = InnoDB;


-- -----------------------------------------------------
-- Table `steam_db`.`operating_system_game`
-- -----------------------------------------------------
CREATE TABLE IF NOT EXISTS `steam_db`.`operating_system_game` (
  `operating_system_id` INT NOT NULL,
  `game_id` INT NOT NULL,
  PRIMARY KEY (`operating_system_id`, `game_id`),
  INDEX `fk_operating_system_has_game_game1_idx` (`game_id` ASC) VISIBLE,
  INDEX `fk_operating_system_has_game_operating_system1_idx` (`operating_system_id` ASC) VISIBLE,
  CONSTRAINT `fk_operating_system_has_game_operating_system1`
    FOREIGN KEY (`operating_system_id`)
    REFERENCES `steam_db`.`operating_system` (`id_operating_system`)
    ON DELETE NO ACTION
    ON UPDATE NO ACTION,
  CONSTRAINT `fk_operating_system_has_game_game1`
    FOREIGN KEY (`game_id`)
    REFERENCES `steam_db`.`game` (`id_game`)
    ON DELETE NO ACTION
    ON UPDATE NO ACTION)
ENGINE = InnoDB;


-- -----------------------------------------------------
-- Table `steam_db`.`achievement`
-- -----------------------------------------------------
CREATE TABLE IF NOT EXISTS `steam_db`.`achievement` (
  `id_achievement` INT NOT NULL AUTO_INCREMENT,
  `name` VARCHAR(255) NULL,
  `game_id` INT NOT NULL,
  `number_of_people` INT NULL,
  `description` MEDIUMTEXT NULL,
  PRIMARY KEY (`id_achievement`),
  INDEX `fk_achievement_game1_idx` (`game_id` ASC) VISIBLE,
  CONSTRAINT `fk_achievement_game1`
    FOREIGN KEY (`game_id`)
    REFERENCES `steam_db`.`game` (`id_game`)
    ON DELETE NO ACTION
    ON UPDATE NO ACTION)
ENGINE = InnoDB;


-- -----------------------------------------------------
-- Table `steam_db`.`game_genre_game`
-- -----------------------------------------------------
CREATE TABLE IF NOT EXISTS `steam_db`.`game_genre_game` (
  `game_genre_id_game_genre` INT NOT NULL,
  `game_id_game` INT NOT NULL,
  PRIMARY KEY (`game_genre_id_game_genre`, `game_id_game`),
  INDEX `fk_game_genre_has_game_game1_idx` (`game_id_game` ASC) VISIBLE,
  INDEX `fk_game_genre_has_game_game_genre1_idx` (`game_genre_id_game_genre` ASC) VISIBLE,
  CONSTRAINT `fk_game_genre_has_game_game_genre1`
    FOREIGN KEY (`game_genre_id_game_genre`)
    REFERENCES `steam_db`.`game_genre` (`id_game_genre`)
    ON DELETE NO ACTION
    ON UPDATE NO ACTION,
  CONSTRAINT `fk_game_genre_has_game_game1`
    FOREIGN KEY (`game_id_game`)
    REFERENCES `steam_db`.`game` (`id_game`)
    ON DELETE NO ACTION
    ON UPDATE NO ACTION)
ENGINE = InnoDB;
/*Nepřidal jsem sloupce windows_support, mac_support a linux_support, protože si myslím, že jsou zbytečné*/
INSERT INTO game (id_game, name, developer_id, release_date, image, description, storage_space) VALUES
(1, 'Zaklínač', 1, '1996-09-22', '1.jpg', 'Epická RPG hra plná dobrodružství a magie', 2048),
(2, 'Cyberpunk 2077', 2, '1997-04-18', '2.jpg', 'Futuristické RPG v otevřeném světě', 4096),
(3, 'Minecraft', 3, '1997-11-18', '3.jpg', 'Sandbox hra pro budování světů', 8192),
(4, 'Fortnite', 4, '1998-06-23', '4.jpg', 'Battle royale s miliony hráčů', 16384),
(5, 'League of Legends', 5, '1999-01-16', '5.jpg', 'MOBA strategická hra pro 5 hráčů', 32768),
(6, 'Dota 2', 6, '1999-08-10', '6.jpg', 'Strategická hra s hrdiny a bohy', 51200),
(7, 'Counter-Strike 2', 7, '2000-03-22', '7.jpg', 'Taktická střílečka z pohledu první osoby', 65536),
(8, 'Baldurova brána 3', 8, '2000-10-25', '8.jpg', 'RPG s rozsáhlými dialogy a volbami', 102400),
(9, 'Elden Ring', 9, '2001-05-21', '9.jpg', 'Soulslike RPG v temném fantasy světě', 2048),
(10, 'Hollow Knight', 10, '2001-12-03', '10.jpg', 'Metroidvania v podzemním království', 4096),
(11, 'Stardew Valley', 11, '2002-07-26', '11.jpg', 'Zemědělský simulátor s RPG prvky', 8192),
(12, 'Celeste', 12, '2003-02-03', '12.jpg', 'Platformer o překonávání překážek', 16384),
(13, 'Hades', 13, '2003-09-26', '13.jpg', 'Roguelike s bohy řecké mytologie', 32768),
(14, 'Disco Elysium', 14, '2004-04-11', '14.jpg', 'Detektivní RPG ve francouzském stylu', 51200),
(15, 'Outrider hvězd', 15, '2004-11-19', '15.jpg', 'Vesmírné RPG s průzkumem planet', 65536),
(16, 'Witcher 3', 16, '2005-06-24', '16.jpg', 'Otevřené RPG v pohádkovém světě', 102400),
(17, 'Red Dead Redemption 2', 17, '2006-01-23', '17.jpg', 'Western RPG s příběhem o vykoupení', 2048),
(18, 'GTA V', 18, '2006-08-25', '18.jpg', 'Akční sandbox v otevřeném světě', 4096),
(19, 'The Last of Us', 19, '2007-03-04', '19.jpg', 'Akční adventura s emočním příběhem', 8192),
(20, 'God of War', 20, '2007-10-13', '20.jpg', 'Akční RPG ve světě norské mytologie', 16384),
(21, 'Spider-Man', 1, '2008-05-13', '21.jpg', 'Akční adventura se Spider-Manem', 32768),
(22, 'Horizon Zero Dawn', 2, '2008-12-15', '22.jpg', 'Post-apokalyptický akční RPG', 51200),
(23, 'Ghost of Tsushima', 3, '2009-07-01', '23.jpg', 'Stealth akční hra v feudálním Japonsku', 65536),
(24, 'Death Stranding', 4, '2010-02-16', '24.jpg', 'Experimentální akční adventura', 102400),
(25, 'Detroit Become Human', 5, '2010-09-14', '25.jpg', 'Detektivní thriller s umělou inteligencí', 2048),
(26, 'Control', 6, '2011-04-27', '26.jpg', 'Akční střílečka s nadpřirozenými silami', 4096),
(27, 'Alan Wake 2', 7, '2011-11-20', '27.jpg', 'Psychologický horor s Alanovou stopou', 8192),
(28, 'Returner', 8, '2012-06-07', '28.jpg', 'Roguelike střílečka ve sci-fi světě', 16384),
(29, 'Deathloop', 9, '2013-01-14', '29.jpg', 'Akční hra se smyčkami času', 32768),
(30, 'Ghostwire Tokyo', 10, '2013-08-04', '30.jpg', 'Duchovní horor v Tokiu', 51200),
(31, 'Kena Bridge of Spirits', 11, '2014-03-11', '31.jpg', 'Akční adventura s duchovou dívkou', 65536),
(32, 'Stray', 12, '2014-10-14', '32.jpg', 'Prozkoumávací adventura se kočkou', 102400),
(33, 'Tunic', 13, '2015-05-27', '33.jpg', 'Puzzle akční adventura s liškou', 2048),
(34, 'Neon White', 14, '2015-12-24', '34.jpg', 'Rybářský simulátor s průchodem', 4096),
(35, 'Sifu', 15, '2016-07-21', '35.jpg', 'Akční bojová hra s kung-fu', 8192),
(36, 'Prodaný ostrov', 16, '2017-02-05', '36.jpg', 'Strategie na tropickém ostrově', 16384),
(37, 'Mortal Kombat 11', 17, '2017-09-08', '37.jpg', 'Bojová hra se smrtelným bojem', 32768),
(38, 'Street Fighter 6', 18, '2018-04-02', '38.jpg', 'Bojová hra nových hrdinů', 51200),
(39, 'Tekken 8', 19, '2018-11-07', '39.jpg', 'Bojová hra se silnými techniky', 65536),
(40, 'Dragons Dogma 2', 20, '2019-06-19', '40.jpg', 'Akční RPG s drakem jako průvodcem', 102400),
(41, 'Final Fantasy XVI', 1, '2020-01-25', '41.jpg', 'JRPG epické fantasy světa Crystalu', 2048),
(42, 'Persona 5 Royal', 2, '2020-08-15', '42.jpg', 'JRPG s osobností a démony', 4096),
(43, 'Sekiro', 3, '2021-03-17', '43.jpg', 'Soulslike ve feudálním Japonsku', 8192),
(44, 'Dark Souls 3', 4, '2021-10-19', '44.jpg', 'Dark fantasy soulslike ve hradu', 16384),
(45, 'Bloodborne', 5, '2022-05-24', '45.jpg', 'Gotické soulslike v zasněžené říši', 32768),
(46, 'Nioh 2', 6, '2022-12-02', '46.jpg', 'Akční RPG v japonském období Edo', 51200),
(47, 'Monster Hunter Rise', 7, '2023-07-20', '47.jpg', 'Lov monster v otevřeném světě', 65536),
(48, 'Monster Hunter World', 8, '2024-02-05', '48.jpg', 'Lov monster v tropickém pralese', 102400),
(49, 'Divinity Original Sin 2', 9, '2024-09-07', '49.jpg', 'Tahovéé RPG s velkou svobodou', 2048),
(50, 'Pathfinder Kingmaker', 10, '1995-04-03', '50.jpg', 'Krpgé ve světě Pathfinderu', 4096),
(51, 'Pillars of Eternity 2', 11, '1995-11-22', '51.jpg', 'RPG s hlubokými volbami ve světě', 8192),
(52, 'Tyranny', 12, '1996-06-17', '52.jpg', 'RPG kde jste tyrán nového království', 16384),
(53, 'Wasteland 3', 13, '1997-01-13', '53.jpg', 'Postapokalyptické RPG s volbami', 32768),
(54, 'XCOM 2', 14, '1997-08-18', '54.jpg', 'Tahová taktika s mimozemšťany', 51200),
(55, 'Phoenix Point', 15, '1998-03-08', '55.jpg', 'Tahová taktika s fenixem', 65536),
(56, 'Into the Breach', 16, '1998-10-08', '56.jpg', 'Tahová roguelike strategie', 102400),
(57, 'Slay the Spire', 17, '1999-05-27', '57.jpg', 'Stavění balíčku s roguelike', 2048),
(58, 'Monster Train', 18, '1999-12-14', '58.jpg', 'Roguelike budování balíčku v pekle', 4096),
(59, 'Inscryption', 19, '2000-07-18', '59.jpg', 'Roguelike s karetní magií v lesích', 8192),
(60, 'Dicey Dungeons', 20, '2001-02-01', '60.jpg', 'Tahová hra s kostičkami', 16384),
(61, 'Loop Hero', 1, '2001-09-09', '61.jpg', 'Smyčkové RPG s budováním mapy', 32768),
(62, 'Roguebook', 2, '2002-04-21', '62.jpg', 'Karetní roguelike ve fantasy světě', 51200),
(63, 'Across the Obelisk', 3, '2002-11-22', '63.jpg', 'Tahová dobrodružná karetní hra', 65536),
(64, 'Nowhere Prophet', 4, '2003-06-21', '64.jpg', 'Karetní hra v postapokalypse', 102400),
(65, 'Griftlands', 5, '2004-01-16', '65.jpg', 'Deckbuilder ve světě pirátů', 2048),
(66, 'Night in the Woods', 6, '2004-08-22', '66.jpg', 'Adventura o mladé lišce v noci', 4096),
(67, 'Oxenfree', 7, '2005-03-21', '67.jpg', 'Adventura o přátelství a tajemstvích', 8192),
(68, 'What Remains of Edith Finch', 8, '2005-10-28', '68.jpg', 'Prozkoumávací hra s rodinnou historií', 16384),
(69, 'Firewatch', 9, '2006-05-24', '69.jpg', 'Survival adventura s fotografem', 32768),
(70, 'Gone Home', 10, '2006-12-11', '70.jpg', 'Prozkoumávání opuštěného domu', 51200),
(71, 'Tacoma', 11, '2007-07-20', '71.jpg', 'Sci-fi prozkoumávání stanice', 65536),
(72, 'Dear Esther', 12, '2008-02-21', '72.jpg', 'Meditativní procházka po pláži', 102400),
(73, 'Everybodys Gone to the Rapture', 13, '2008-09-19', '73.jpg', 'Klidná procházka vesnicí', 2048),
(74, 'The Stanley Parable Ultra Deluxe', 14, '2009-04-04', '74.jpg', 'Meta adventura o naraci', 4096),
(75, 'Superliminal', 15, '2009-11-07', '75.jpg', 'Puzzle hra o nekonečném prostoru', 8192),
(76, 'The Witness', 16, '2010-06-16', '76.jpg', 'Puzzle hra se světlem a reflexemi', 16384),
(77, 'Outer Wilds', 17, '2011-01-05', '77.jpg', 'Průzkum vesmíru a záhady slunce', 32768),
(78, 'Return of the Obra Dinn', 18, '2011-08-11', '78.jpg', 'Logická hra na lodi obchodníků', 51200),
(79, 'Her Story', 19, '2012-03-28', '79.jpg', 'Detektivní hra s video záznamy', 65536),
(80, 'Immortality', 20, '2012-10-25', '80.jpg', 'Detektivní hra s filmy', 102400),
(81, 'Pentiment', 1, '2013-05-19', '81.jpg', 'Historická adventura ve středověku', 2048),
(82, 'Norco', 2, '2013-12-27', '82.jpg', 'Cyberpunk noir detektivní hra', 4096),
(83, 'Citizen Sleeper', 3, '2014-07-04', '83.jpg', 'Sci-fi RPG o dělníkovi budoucnosti', 8192),
(84, 'Roadwarden', 4, '2015-02-06', '84.jpg', 'Text RPG ve středověkém světě', 16384),
(85, 'Orcs Must Die 3', 5, '2015-09-28', '85.jpg', 'Věžová obrana s orky', 32768),
(86, 'Deep Rock Galactic', 6, '2016-04-21', '86.jpg', 'Kooperativní těžba ve vesmíru', 51200),
(87, 'Valheim', 7, '2016-11-20', '87.jpg', 'Přežití ve vikingském světě', 65536),
(88, 'Raft', 8, '2017-06-14', '88.jpg', 'Přežití na oceánu na voru', 102400),
(89, 'Subnautica', 9, '2018-01-05', '89.jpg', 'Prozkoumávání podmořského světa', 2048),
(90, 'Green Hell', 10, '2018-08-18', '90.jpg', 'Přežití v deštném pralese', 4096),
(91, 'The Forest', 11, '2019-03-12', '91.jpg', 'Přežití v lese s příšerami', 8192),
(92, 'Sons of the Forest', 12, '2019-10-28', '92.jpg', 'Přežití s mutanty v lese', 16384),
(93, 'Grounded', 13, '2020-05-25', '93.jpg', 'Přežití hmyzu v trávníku', 32768),
(94, 'Conan Exiles', 14, '2020-12-25', '94.jpg', 'Přežití v Cimmerianském světě', 51200),
(95, 'Rust', 15, '2021-07-14', '95.jpg', 'Multiplayerové přežití v divočině', 65536),
(96, 'DayZ', 16, '2022-02-28', '96.jpg', 'Zombie přežití ve velkém světě', 102400),
(97, 'Project Zomboid', 17, '2022-09-27', '97.jpg', 'Zombie přežití v sandbox světě', 2048),
(98, 'RimWorld', 18, '2023-04-11', '98.jpg', 'Kolonizační simulátor s přežitím', 4096),
(99, 'Dwarf Fortress', 19, '2023-11-05', '99.jpg', 'Simulátor trpasličí kolonie', 8192),
(100, 'Caves of Qud', 20, '2024-06-01', '100.jpg', 'Roguelike RPG v mutantním světě', 16384),
(101, 'Nethack', 1, '1995-01-16', '101.jpg', 'Klasický roguelike v podzemí', 32768),
(102, 'Angband', 2, '1995-08-18', '102.jpg', 'Fantasy roguelike s magií', 51200),
(103, 'Tome 4', 3, '1996-03-10', '103.jpg', 'Roguelike tahový RPG', 65536),
(104, 'Cogmind', 4, '1996-10-08', '104.jpg', 'Sci-fi roguelike s robotem', 102400),
(105, 'Brogue', 5, '1997-05-01', '105.jpg', 'Roguelike v temném lese', 2048),
(106, 'Spelunky 2', 6, '1997-12-23', '106.jpg', 'Procedurální jeskyně s hledáním', 4096),
(107, 'Dead Cells', 7, '1998-07-21', '107.jpg', 'Roguelike metroidvania plošinovka', 8192),
(108, 'Rogue Legacy 2', 8, '1999-02-09', '108.jpg', 'Roguelike akční plošinovka', 16384),
(109, 'Curse of the Dead Gods', 9, '1999-09-20', '109.jpg', 'Roguelike s řeckými bohy II', 32768),
(110, 'Catacomb Kids', 10, '2000-04-15', '110.jpg', 'Roguelike plošinovka v katakombách', 51200),
(111, 'Shattered Pixel Dungeon', 11, '2000-11-23', '111.jpg', 'Mobilní roguelike pro Android', 65536),
(112, 'Cardinal Quest 2', 12, '2001-06-10', '112.jpg', 'Roguelike s kouzly a bitvami', 102400),
(113, 'One Step from Eden', 13, '2002-01-28', '113.jpg', 'Akční roguelike s kartami', 2048),
(114, 'Fights in Tight Spaces', 14, '2002-08-05', '114.jpg', 'Bojová hra v úzkých chodbách', 4096),
(115, 'Tactical Breach Wizards', 15, '2003-03-26', '115.jpg', 'Tahová hra čarodějů', 8192),
(116, 'Marvel Snap', 16, '2003-10-14', '116.jpg', 'Digitální karetní hra od Marvelu', 16384),
(117, 'Hearthstone', 17, '2004-05-16', '117.jpg', 'Digitální karetní hra ve fantasy', 32768),
(118, 'Legends of Runeterra', 18, '2004-12-04', '118.jpg', 'Karetní hra v Runeterře', 51200),
(119, 'Gwent', 19, '2005-07-06', '119.jpg', 'Karetní hra z Gwentu zaklínačů', 65536),
(120, 'Eternal Card Game', 20, '2006-02-20', '120.jpg', 'Věčná karetní hra s bohy', 102400),
(121, 'Faeria', 1, '2006-09-25', '121.jpg', 'Karetní strategie s bohem v rukou', 2048),
(122, 'Hand of the Gods', 2, '2007-04-22', '122.jpg', 'Karetní hra se světovou mytologií', 4096),
(123, 'Shadowverse', 3, '2007-11-07', '123.jpg', 'Anime karetní RPG hra', 8192),
(124, 'Mythgard', 4, '2008-06-01', '124.jpg', 'Karetní hra v temném světě', 16384),
(125, 'Artifact 2', 5, '2009-01-08', '125.jpg', 'Karetní hra od Valvu 2.0', 32768),
(126, 'Age of Empires IV', 6, '2009-08-12', '126.jpg', 'Strategie s budováním říše v středověku', 51200),
(127, 'StarCraft 2', 7, '2010-03-20', '127.jpg', 'Vesmírná RTS se Zergy a Protossy', 65536),
(128, 'Warcraft 3 Reforged', 8, '2010-10-23', '128.jpg', 'Klasická RTS ve Warcraftu', 102400),
(129, 'Command & Conquer Remastered', 9, '2011-05-14', '129.jpg', 'RTS z druhé světové války', 2048),
(130, 'Company of Heroes 3', 10, '2011-12-24', '130.jpg', 'RTS v Normandii a dál', 4096),
(131, 'Men of War 2', 11, '2012-07-21', '131.jpg', 'Fantasy RTS ve Warhammeru', 8192),
(132, 'Gates of Hell Ostfront', 12, '2013-02-12', '132.jpg', 'Historická RTS ve feudálním Japonsku', 16384),
(133, 'Warhammer 40k Dawn of War', 13, '2013-09-19', '133.jpg', 'Středověká grand strategie', 32768),
(134, 'Total War Warhammer 3', 14, '2014-04-26', '134.jpg', 'Globální grand strategie v Evropě', 51200),
(135, 'Total War Shogun 2', 15, '2014-11-11', '135.jpg', 'Vojenská grand strategie ve světové válce', 65536),
(136, 'Crusader Kings 3', 16, '2015-06-10', '136.jpg', 'Průmyslová grand strategie 19.st.', 102400),
(137, 'Europa Universalis 4', 17, '2016-01-08', '137.jpg', 'Vesmírná 4X strategie', 2048),
(138, 'Hearts of Iron 4', 18, '2016-08-27', '138.jpg', 'Kolonizace Marsu s přežitím', 4096),
(139, 'Victoria 3', 19, '2017-03-23', '139.jpg', 'Přežití v mrazivém apokalyptickém světě', 8192),
(140, 'Stellaris', 20, '2017-10-01', '140.jpg', 'Strategická obrana proti zombie', 16384),
(141, 'Surviving Mars', 1, '2018-05-07', '141.jpg', 'Automatizační factory hra', 32768),
(142, 'Frostpunk 2', 2, '2018-12-07', '142.jpg', 'Industriální stavitelský simulátor', 51200),
(143, 'They Are Billions', 3, '2019-07-22', '143.jpg', 'Industriální vesmírný simulátor', 65536),
(144, 'Factorio', 4, '2020-02-26', '144.jpg', 'Puzzle factory automatizace', 102400),
(145, 'Satisfactory', 5, '2020-09-28', '145.jpg', 'Strategická obrana s věžemi', 2048),
(146, 'Dyson Sphere Program', 6, '2021-04-27', '146.jpg', 'Epická RPG hra plná dobrodružství a magie', 4096),
(147, 'Shapez 2', 7, '2021-11-25', '147.jpg', 'Futuristické RPG v otevřeném světě', 8192),
(148, 'Mindustry', 8, '2022-06-06', '148.jpg', 'Sandbox hra pro budování světů', 16384),
(149, 'Opus Magnum', 9, '2023-01-21', '149.jpg', 'Battle royale s miliony hráčů', 32768),
(150, 'SpaceChem', 10, '2023-08-11', '150.jpg', 'MOBA strategická hra pro 5 hráčů', 51200),
(151, 'Zachtronics Shenzhen IO', 11, '2024-03-26', '151.jpg', 'Strategická hra s hrdiny a bohy', 65536),
(152, 'TIS-100', 12, '2024-10-15', '152.jpg', 'Taktická střílečka z pohledu první osoby', 102400),
(153, 'Hacknet', 13, '1995-05-24', '153.jpg', 'RPG s rozsáhlými dialogy a volbami', 2048),
(154, 'Quadrilateral Cowboy', 14, '1995-12-06', '154.jpg', 'Soulslike RPG v temném fantasy světě', 4096),
(155, 'Exapunks', 15, '1996-07-20', '155.jpg', 'Metroidvania v podzemním království', 8192),
(156, 'Portal 2', 16, '1997-02-02', '156.jpg', 'Zemědělský simulátor s RPG prvky', 16384),
(157, 'The Talos Principle 2', 17, '1997-09-08', '157.jpg', 'Platformer o překonávání překážek', 32768),
(158, 'Antichamber', 18, '1998-04-26', '158.jpg', 'Roguelike s bohy řecké mytologie', 51200),
(159, 'Quantum Conundrum', 19, '1998-11-07', '159.jpg', 'Detektivní RPG ve francouzském stylu', 65536),
(160, 'Q.U.B.E. 2', 20, '1999-06-03', '160.jpg', 'Vesmírné RPG s průzkumem planet', 102400),
(161, 'Maquette', 1, '2000-01-14', '161.jpg', 'Otevřené RPG v pohádkovém světě', 2048),
(162, 'The Pedestrian', 2, '2000-08-24', '162.jpg', 'Western RPG s příběhem o vykoupení', 4096),
(163, 'A Monsters Expedition', 3, '2001-03-02', '163.jpg', 'Akční sandbox v otevřeném světě', 8192),
(164, 'Baba Is You', 4, '2001-10-11', '164.jpg', 'Akční adventura s emočním příběhem', 16384),
(165, 'Stephens Sausage Roll', 5, '2002-05-13', '165.jpg', 'Akční RPG ve světě norské mytologie', 32768),
(166, 'Patricks Parabox', 6, '2002-12-01', '166.jpg', 'Akční adventura se Spider-Manem', 51200),
(167, 'Recursed', 7, '2003-07-20', '167.jpg', 'Post-apokalyptický akční RPG', 65536),
(168, 'Snakebird', 8, '2004-02-02', '168.jpg', 'Stealth akční hra v feudálním Japonsku', 102400),
(169, 'Sokobond', 9, '2004-09-26', '169.jpg', 'Experimentální akční adventura', 2048),
(170, 'English Country Tune', 10, '2005-04-24', '170.jpg', 'Detektivní thriller s umělou inteligencí', 4096),
(171, 'Sokobano', 11, '2005-11-01', '171.jpg', 'Akční střílečka s nadpřirozenými silami', 8192),
(172, 'Picross 3D Round 2', 12, '2006-06-02', '172.jpg', 'Psychologický horor s Alanovou stopou', 16384),
(173, 'Nonograms Katana', 13, '2007-01-20', '173.jpg', 'Roguelike střílečka ve sci-fi světě', 32768),
(174, 'Tametsi', 14, '2007-08-03', '174.jpg', 'Akční hra se smyčkami času', 51200),
(175, 'Hexcells Infinite', 15, '2008-03-22', '175.jpg', 'Duchovní horor v Tokiu', 65536),
(176, 'Minesweeper X', 16, '2008-10-27', '176.jpg', 'Akční adventura s duchovou dívkou', 102400),
(177, '2048 Dimensions', 17, '2009-05-27', '177.jpg', 'Prozkoumávací adventura se kočkou', 2048),
(178, 'Threes', 18, '2009-12-04', '178.jpg', 'Puzzle akční adventura s liškou', 4096),
(179, 'Klocki', 19, '2010-07-12', '179.jpg', 'Rybářský simulátor s průchodem', 8192),
(180, 'Quell Reflect', 20, '2011-02-07', '180.jpg', 'Akční bojová hra s kung-fu', 16384),
(181, 'Prune', 1, '2011-09-16', '181.jpg', 'Strategie na tropickém ostrově', 32768),
(182, 'Altos Odyssey', 2, '2012-04-01', '182.jpg', 'Bojová hra se smrtelným bojem', 51200),
(183, 'Gris', 3, '2012-11-12', '183.jpg', 'Bojová hra nových hrdinů', 65536),
(184, 'Journey', 4, '2013-06-18', '184.jpg', 'Bojová hra se silnými techniky', 102400),
(185, 'Abzu', 5, '2014-01-22', '185.jpg', 'Akční RPG s drakem jako průvodcem', 2048),
(186, 'Flower', 6, '2014-08-19', '186.jpg', 'JRPG epické fantasy světa Crystalu', 4096),
(187, 'Flow', 7, '2015-03-01', '187.jpg', 'JRPG s osobností a démony', 8192),
(188, 'Everything', 8, '2015-10-22', '188.jpg', 'Soulslike ve feudálním Japonsku', 16384),
(189, 'Kind Words', 9, '2016-05-15', '189.jpg', 'Dark fantasy soulslike ve hradu', 32768),
(190, 'Unpacking', 10, '2016-12-28', '190.jpg', 'Gotické soulslike v zasněžené říši', 51200),
(191, 'A Short Hike', 11, '2017-07-12', '191.jpg', 'Akční RPG v japonském období Edo', 65536),
(192, 'Alba A Wildlife Adventure', 12, '2018-02-05', '192.jpg', 'Lov monster v otevřeném světě', 102400),
(193, 'Chicory A Colorful Tale', 13, '2018-09-12', '193.jpg', 'Lov monster v tropickém pralese', 2048),
(194, 'Purrfect Tale', 14, '2019-04-27', '194.jpg', 'Tahovéé RPG s velkou svobodou', 4096),
(195, 'Cats and the Other Lives', 15, '2019-11-22', '195.jpg', 'Krpgé ve světě Pathfinderu', 8192),
(196, 'Little Kitty Big City', 16, '2020-06-20', '196.jpg', 'RPG s hlubokými volbami ve světě', 16384),
(197, 'Neko Atsume 2', 17, '2021-01-19', '197.jpg', 'RPG kde jste tyrán nového království', 32768),
(198, 'Catlateral Damage', 18, '2021-08-16', '198.jpg', 'Postapokalyptické RPG s volbami', 51200),
(199, 'Cat Quest 3', 19, '2022-03-27', '199.jpg', 'Tahová taktika s mimozemšťany', 65536),
(200, 'Warriors All Stars', 20, '2022-10-04', '200.jpg', 'Tahová taktika s fenixem', 102400),
(201, 'Hob', 1, '2023-05-12', '201.jpg', 'Tahová roguelike strategie', 2048),
(202, 'Flinthook', 2, '2023-12-09', '202.jpg', 'Stavění balíčku s roguelike', 4096),
(203, 'Headlander', 3, '2024-07-09', '203.jpg', 'Roguelike budování balíčku v pekle', 8192),
(204, 'Pyre', 4, '1995-02-01', '204.jpg', 'Roguelike s karetní magií v lesích', 16384),
(205, 'Transistor', 5, '1995-09-20', '205.jpg', 'Tahová hra s kostičkami', 32768),
(206, 'Bastion', 6, '1996-04-25', '206.jpg', 'Smyčkové RPG s budováním mapy', 51200),
(207, 'Supergiant Games Collection', 7, '1996-11-11', '207.jpg', 'Karetní roguelike ve fantasy světě', 65536),
(208, 'Hades 2', 8, '1997-06-15', '208.jpg', 'Tahová dobrodružná karetní hra', 102400),
(209, 'Early Access Beta', 9, '1998-01-07', '209.jpg', 'Karetní hra v postapokalypse', 2048),
(210, 'Skul the Hero Slayer', 10, '1998-08-01', '210.jpg', 'Deckbuilder ve světě pirátů', 4096),
(211, 'Dead Cells Return to Castlevania', 11, '1999-03-09', '211.jpg', 'Adventura o mladé lišce v noci', 8192),
(212, 'Blasphemous 2', 12, '1999-10-14', '212.jpg', 'Adventura o přátelství a tajemstvích', 16384),
(213, 'Salt and Sacrifice', 13, '2000-05-16', '213.jpg', 'Prozkoumávací hra s rodinnou historií', 32768),
(214, 'Vigil The Longest Night', 14, '2000-12-01', '214.jpg', 'Survival adventura s fotografem', 51200),
(215, 'Aeterna Noctis', 15, '2001-07-12', '215.jpg', 'Prozkoumávání opuštěného domu', 65536),
(216, 'Pronty', 16, '2002-02-13', '216.jpg', 'Sci-fi prozkoumávání stanice', 102400),
(217, '9 Years of Shadows', 17, '2002-09-05', '217.jpg', 'Meditativní procházka po pláži', 2048),
(218, 'Momodora Moonlit Farewell', 18, '2003-04-26', '218.jpg', 'Klidná procházka vesnicí', 4096),
(219, 'Souldiers', 19, '2003-11-21', '219.jpg', 'Meta adventura o naraci', 8192),
(220, 'Haiku the Robot', 20, '2004-06-25', '220.jpg', 'Puzzle hra o nekonečném prostoru', 16384),
(221, 'Axiom Verge 2', 1, '2005-01-08', '221.jpg', 'Puzzle hra se světlem a reflexemi', 32768),
(222, 'Metroid Dread', 2, '2005-08-21', '222.jpg', 'Průzkum vesmíru a záhady slunce', 51200),
(223, 'Hollow Knight Silksong Preview', 3, '2006-03-22', '223.jpg', 'Logická hra na lodi obchodníků', 65536),
(224, 'Environmental Station Alpha', 4, '2006-10-09', '224.jpg', 'Detektivní hra s video záznamy', 102400),
(225, 'Timespinner', 5, '2007-05-25', '225.jpg', 'Detektivní hra s filmy', 2048),
(226, 'Bloodstained Ritual', 6, '2007-12-04', '226.jpg', 'Historická adventura ve středověku', 4096),
(227, 'Castlevania Symphony', 7, '2008-07-08', '227.jpg', 'Cyberpunk noir detektivní hra', 8192),
(228, 'Cave Story Plus', 8, '2009-02-20', '228.jpg', 'Sci-fi RPG o dělníkovi budoucnosti', 16384),
(229, 'La Mulana 2', 9, '2009-09-03', '229.jpg', 'Text RPG ve středověkém světě', 32768),
(230, 'Owlboy', 10, '2010-04-20', '230.jpg', 'Věžová obrana s orky', 51200),
(231, 'Zaklínač', 11, '2010-11-13', '231.jpg', 'Kooperativní těžba ve vesmíru', 65536),
(232, 'Cyberpunk 2077', 12, '2011-06-20', '232.jpg', 'Přežití ve vikingském světě', 102400),
(233, 'Minecraft', 13, '2012-01-26', '233.jpg', 'Přežití na oceánu na voru', 2048),
(234, 'Fortnite', 14, '2012-08-15', '234.jpg', 'Prozkoumávání podmořského světa', 4096),
(235, 'League of Legends', 15, '2013-03-03', '235.jpg', 'Přežití v deštném pralese', 8192),
(236, 'Dota 2', 16, '2013-10-12', '236.jpg', 'Přežití v lese s příšerami', 16384),
(237, 'Counter-Strike 2', 17, '2014-05-25', '237.jpg', 'Přežití s mutanty v lese', 32768),
(238, 'Baldurova brána 3', 18, '2014-12-27', '238.jpg', 'Přežití hmyzu v trávníku', 51200),
(239, 'Elden Ring', 19, '2015-07-12', '239.jpg', 'Přežití v Cimmerianském světě', 65536),
(240, 'Hollow Knight', 20, '2016-02-28', '240.jpg', 'Multiplayerové přežití v divočině', 102400),
(241, 'Stardew Valley', 1, '2016-09-19', '241.jpg', 'Zombie přežití ve velkém světě', 2048),
(242, 'Celeste', 2, '2017-04-21', '242.jpg', 'Zombie přežití v sandbox světě', 4096),
(243, 'Hades', 3, '2017-11-24', '243.jpg', 'Kolonizační simulátor s přežitím', 8192),
(244, 'Disco Elysium', 4, '2018-06-11', '244.jpg', 'Simulátor trpasličí kolonie', 16384),
(245, 'Outrider hvězd', 5, '2019-01-05', '245.jpg', 'Roguelike RPG v mutantním světě', 32768),
(246, 'Witcher 3', 6, '2019-08-20', '246.jpg', 'Klasický roguelike v podzemí', 51200),
(247, 'Red Dead Redemption 2', 7, '2020-03-11', '247.jpg', 'Fantasy roguelike s magií', 65536),
(248, 'GTA V', 8, '2020-10-26', '248.jpg', 'Roguelike tahový RPG', 102400),
(249, 'The Last of Us', 9, '2021-05-20', '249.jpg', 'Sci-fi roguelike s robotem', 2048),
(250, 'God of War', 10, '2021-12-26', '250.jpg', 'Roguelike v temném lese', 4096),
(251, 'Baldurs Gate 3: Patch 7', 3, '2024-04-18', '251.jpg', 'Expanded RPG with new epilogues and evil endings', 8192),
(252, 'Fallout 4 Next-Gen Update', 7, '2024-04-25', '252.jpg', 'Post-apocalyptic RPG with rebuilt lighting and textures', 32768),
(253, 'Satisfactory 1.0', 11, '2024-09-10', '253.jpg', 'First-person factory automation on an alien planet', 8192),
(254, 'Prince of Persia Lost Crown', 2, '2024-01-18', '254.jpg', 'Metroidvania set in a cursed Persian mountain', 4096),
(255, 'Helldivers 2', 14, '2024-02-08', '255.jpg', 'Co-op shooter defending democracy across the galaxy', 32768),
(256, 'Unicorn Overlord', 9, '2024-03-08', '256.jpg', 'Tactical RPG to reclaim a fantasy kingdom', 4096),
(257, 'Manor Lords', 17, '2024-04-26', '257.jpg', 'Medieval city-builder with real-time battles', 8192),
(258, 'Animal Well', 5, '2024-05-09', '258.jpg', 'Metroidvania hidden inside a mysterious living painting', 2048),
(259, 'Hades II Early Access', 6, '2024-05-06', '259.jpg', 'Roguelike sequel with new gods and the witch Melinoe', 4096),
(260, 'Black Myth Wukong', 18, '2024-08-20', '260.jpg', 'Action RPG inspired by the Chinese legend Monkey King', 102400),
(261, 'Astro Bot', 15, '2024-09-06', '261.jpg', '3D platformer celebrating PlayStation history and heroes', 16384);

INSERT INTO developer (id_developer, name, description) VALUES
(1, 'CD Projekt RED', 'Polish studio founded in 2002, known for The Witcher series and Cyberpunk 2077. Pioneers of open-world narrative RPGs.'),
(2, 'FromSoftware', 'Japanese studio founded in 1986, creators of Dark Souls, Elden Ring and Sekiro. Famous for challenging action RPGs.'),
(3, 'Larian Studios', 'Belgian studio founded in 1996, known for Divinity: Original Sin series and Baldurs Gate 3. Specialists in deep turn-based RPGs.'),
(4, 'Mojang Studios', 'Swedish studio founded in 2009, creators of Minecraft. One of the best-selling games of all time with over 300 million copies sold.'),
(5, 'Supergiant Games', 'American indie studio founded in 2009, known for Bastion, Transistor, Pyre and Hades. Praised for art and storytelling.'),
(6, 'Team Cherry', 'Australian indie duo founded in 2014, creators of Hollow Knight. Known for intricate hand-drawn metroidvania design.'),
(7, 'Bethesda Game Studios', 'American studio founded in 2001, creators of The Elder Scrolls and Fallout series. Known for vast open-world RPGs.'),
(8, 'Rockstar Games', 'American studio founded in 1998, known for Grand Theft Auto and Red Dead Redemption series. Leaders in open-world storytelling.'),
(9, 'Naughty Dog', 'American studio founded in 1984, creators of The Last of Us and Uncharted. Known for cinematic single-player experiences.'),
(10, 'Santa Monica Studio', 'American studio founded in 1999, creators of God of War series. Pioneers of epic action games with mythological settings.'),
(11, 'Coffee Stain Studios', 'Swedish studio founded in 2010, known for Satisfactory and Goat Simulator. Specialists in creative simulation games.'),
(12, 'Mega Crit', 'American indie studio founded in 2017, creators of Slay the Spire. Defined the modern roguelike deckbuilder genre.'),
(13, 'Concerned Ape', 'Solo developer Eric Barone, creator of Stardew Valley. One of the most successful indie games ever made by a single person.'),
(14, 'Arrowhead Game Studios', 'Swedish studio founded in 2009, creators of Helldivers series. Known for co-op action games with satirical sci-fi themes.'),
(15, 'Sony Interactive Entertainment', 'Japanese-American studio network founded in 1993. Publishers of many PlayStation exclusives including Astro Bot and Spider-Man.'),
(16, 'Insomniac Games', 'American studio founded in 1994, creators of Spider-Man and Ratchet & Clank. Known for polished action-adventure titles.'),
(17, 'Slavic Magic', 'Solo developer Greg Styczeń, creator of Manor Lords. Inspired by medieval German city-building and historical warfare.'),
(18, 'Game Science', 'Chinese studio founded in 2014, creators of Black Myth: Wukong. First major Chinese AAA action RPG studio.'),
(19, 'Ninja Theory', 'British studio founded in 2000, creators of Hellblade: Senuas Sacrifice. Known for narrative-driven games with mental health themes.'),
(20, 'Klei Entertainment', 'Canadian studio founded in 2005, known for Dont Starve, Oxygen Not Included and Mark of the Ninja. Masters of survival simulations.');

INSERT INTO player (id_player, nickname, name, registration_day) VALUES
(1, 'ShadowByte', 'Adam Novák', '2018-03-15'),
(2, 'IronWolf99', 'Jakub Procházka', '2019-07-22'),
(3, 'NeonRaven', 'Tomáš Dvořák', '2020-01-10'),
(4, 'PixelKnight', 'Martin Černý', '2017-11-05'),
(5, 'VoidHunter', 'Lukáš Svoboda', '2021-06-30'),
(6, 'CrimsonFox', 'Petr Mareš', '2016-09-18'),
(7, 'StormCaller', 'Ondřej Blažek', '2022-02-14'),
(8, 'FrostByte', 'Jan Horák', '2020-08-03'),
(9, 'DarkPulse', 'Michal Král', '2019-12-25'),
(10, 'BlazingAce', 'Radek Šimánek', '2015-04-07'),
(11, 'GhostSniper', 'Filip Novotný', '2023-03-19'),
(12, 'ThunderStrike', 'Vojtěch Pospíšil', '2018-10-31'),
(13, 'ObsidianX', 'Daniel Kratochvíl', '2021-07-16'),
(14, 'ArcaneWitch', 'Karolína Horáková', '2020-05-22'),
(15, 'StarForge', 'Eliška Nováková', '2017-01-09'),
(16, 'RuneSeeker', 'Tereza Marková', '2022-11-11'),
(17, 'CyberNomad', 'Barbora Veselá', '2019-03-28'),
(18, 'IceWraith', 'Aneta Procházková', '2023-08-05'),
(19, 'EmberWarden', 'Kristýna Blažková', '2016-06-14'),
(20, 'PlagueDoc', 'Natálie Součková', '2024-01-20');

INSERT INTO game_player (game_id, player_id) VALUES
(1, 1),
(1, 2),
(1, 3),
(1, 4),
(1, 5),
(1, 6),
(1, 7),
(1, 8),
(1, 9),
(1, 10),
(2, 2),
(2, 3),
(2, 4),
(2, 5),
(2, 6),
(2, 7),
(2, 8),
(2, 9),
(2, 10),
(2, 11),
(3, 3),
(3, 4),
(3, 5),
(3, 6),
(3, 7),
(3, 8),
(3, 9),
(3, 10),
(3, 11),
(3, 12),
(4, 4),
(4, 5),
(4, 6),
(4, 7),
(4, 8),
(4, 9),
(4, 10),
(4, 11),
(4, 12),
(4, 13),
(5, 5),
(5, 6),
(5, 7),
(5, 8),
(5, 9),
(5, 10),
(5, 11),
(5, 12),
(5, 13),
(5, 14),
(6, 6),
(6, 7),
(6, 8),
(6, 9),
(6, 10),
(6, 11),
(6, 12),
(6, 13),
(6, 14),
(6, 15),
(7, 7),
(7, 8),
(7, 9),
(7, 10),
(7, 11),
(7, 12),
(7, 13),
(7, 14),
(7, 15),
(7, 16),
(8, 8),
(8, 9),
(8, 10),
(8, 11),
(8, 12),
(8, 13),
(8, 14),
(8, 15),
(8, 16),
(8, 17),
(9, 9),
(9, 10),
(9, 11),
(9, 12),
(9, 13),
(9, 14),
(9, 15),
(9, 16),
(9, 17),
(9, 18),
(10, 10),
(10, 11),
(10, 12),
(10, 13),
(10, 14),
(10, 15),
(10, 16),
(10, 17),
(10, 18),
(10, 19),
(11, 11),
(11, 12),
(11, 13),
(11, 14),
(11, 15),
(11, 16),
(11, 17),
(11, 18),
(11, 19),
(11, 20),
(12, 12),
(12, 13),
(12, 14),
(12, 15),
(12, 16),
(12, 17),
(12, 18),
(12, 19),
(12, 20),
(12, 1),
(13, 13),
(13, 14),
(13, 15),
(13, 16),
(13, 17),
(13, 18),
(13, 19),
(13, 20),
(13, 1),
(13, 2),
(14, 14),
(14, 15),
(14, 16),
(14, 17),
(14, 18),
(14, 19),
(14, 20),
(14, 1),
(14, 2),
(14, 3),
(15, 15),
(15, 16),
(15, 17),
(15, 18),
(15, 19),
(15, 20),
(15, 1),
(15, 2),
(15, 3),
(15, 4),
(16, 16),
(16, 17),
(16, 18),
(16, 19),
(16, 20),
(16, 1),
(16, 2),
(16, 3),
(16, 4),
(16, 5),
(17, 17),
(17, 18),
(17, 19),
(17, 20),
(17, 1),
(17, 2),
(17, 3),
(17, 4),
(17, 5),
(17, 6),
(18, 18),
(18, 19),
(18, 20),
(18, 1),
(18, 2),
(18, 3),
(18, 4),
(18, 5),
(18, 6),
(18, 7),
(19, 19),
(19, 20),
(19, 1),
(19, 2),
(19, 3),
(19, 4),
(19, 5),
(19, 6),
(19, 7),
(19, 8),
(20, 20),
(20, 1),
(20, 2),
(20, 3),
(20, 4),
(20, 5),
(20, 6),
(20, 7),
(20, 8),
(20, 9),
(21, 1),
(21, 2),
(21, 3),
(21, 4),
(21, 5),
(21, 6),
(21, 7),
(21, 8),
(21, 9),
(21, 10),
(22, 2),
(22, 3),
(22, 4),
(22, 5),
(22, 6),
(22, 7),
(22, 8),
(22, 9),
(22, 10),
(22, 11),
(23, 3),
(23, 4),
(23, 5),
(23, 6),
(23, 7),
(23, 8),
(23, 9),
(23, 10),
(23, 11),
(23, 12),
(24, 4),
(24, 5),
(24, 6),
(24, 7),
(24, 8),
(24, 9),
(24, 10),
(24, 11),
(24, 12),
(24, 13),
(25, 5),
(25, 6),
(25, 7),
(25, 8),
(25, 9),
(25, 10),
(25, 11),
(25, 12),
(25, 13),
(25, 14),
(26, 6),
(26, 7),
(26, 8),
(26, 9),
(26, 10),
(26, 11),
(26, 12),
(26, 13),
(26, 14),
(26, 15),
(27, 7),
(27, 8),
(27, 9),
(27, 10),
(27, 11),
(27, 12),
(27, 13),
(27, 14),
(27, 15),
(27, 16),
(28, 8),
(28, 9),
(28, 10),
(28, 11),
(28, 12),
(28, 13),
(28, 14),
(28, 15),
(28, 16),
(28, 17),
(29, 9),
(29, 10),
(29, 11),
(29, 12),
(29, 13),
(29, 14),
(29, 15),
(29, 16),
(29, 17),
(29, 18),
(30, 10),
(30, 11),
(30, 12),
(30, 13),
(30, 14),
(30, 15),
(30, 16),
(30, 17),
(30, 18),
(30, 19),
(31, 11),
(31, 12),
(31, 13),
(31, 14),
(31, 15),
(31, 16),
(31, 17),
(31, 18),
(31, 19),
(31, 20),
(32, 12),
(32, 13),
(32, 14),
(32, 15),
(32, 16),
(32, 17),
(32, 18),
(32, 19),
(32, 20),
(32, 1),
(33, 13),
(33, 14),
(33, 15),
(33, 16),
(33, 17),
(33, 18),
(33, 19),
(33, 20),
(33, 1),
(33, 2),
(34, 14),
(34, 15),
(34, 16),
(34, 17),
(34, 18),
(34, 19),
(34, 20),
(34, 1),
(34, 2),
(34, 3),
(35, 15),
(35, 16),
(35, 17),
(35, 18),
(35, 19),
(35, 20),
(35, 1),
(35, 2),
(35, 3),
(35, 4),
(36, 16),
(36, 17),
(36, 18),
(36, 19),
(36, 20),
(36, 1),
(36, 2),
(36, 3),
(36, 4),
(36, 5),
(37, 17),
(37, 18),
(37, 19),
(37, 20),
(37, 1),
(37, 2),
(37, 3),
(37, 4),
(37, 5),
(37, 6),
(38, 18),
(38, 19),
(38, 20),
(38, 1),
(38, 2),
(38, 3),
(38, 4),
(38, 5),
(38, 6),
(38, 7),
(39, 19),
(39, 20),
(39, 1),
(39, 2),
(39, 3),
(39, 4),
(39, 5),
(39, 6),
(39, 7),
(39, 8),
(40, 20),
(40, 1),
(40, 2),
(40, 3),
(40, 4),
(40, 5),
(40, 6),
(40, 7),
(40, 8),
(40, 9),
(41, 1),
(41, 2),
(41, 3),
(41, 4),
(41, 5),
(41, 6),
(41, 7),
(41, 8),
(41, 9),
(41, 10),
(42, 2),
(42, 3),
(42, 4),
(42, 5),
(42, 6),
(42, 7),
(42, 8),
(42, 9),
(42, 10),
(42, 11),
(43, 3),
(43, 4),
(43, 5),
(43, 6),
(43, 7),
(43, 8),
(43, 9),
(43, 10),
(43, 11),
(43, 12),
(44, 4),
(44, 5),
(44, 6),
(44, 7),
(44, 8),
(44, 9),
(44, 10),
(44, 11),
(44, 12),
(44, 13),
(45, 5),
(45, 6),
(45, 7),
(45, 8),
(45, 9),
(45, 10),
(45, 11),
(45, 12),
(45, 13),
(45, 14),
(46, 6),
(46, 7),
(46, 8),
(46, 9),
(46, 10),
(46, 11),
(46, 12),
(46, 13),
(46, 14),
(46, 15),
(47, 7),
(47, 8),
(47, 9),
(47, 10),
(47, 11),
(47, 12),
(47, 13),
(47, 14),
(47, 15),
(47, 16),
(48, 8),
(48, 9),
(48, 10),
(48, 11),
(48, 12),
(48, 13),
(48, 14),
(48, 15),
(48, 16),
(48, 17),
(49, 9),
(49, 10),
(49, 11),
(49, 12),
(49, 13),
(49, 14),
(49, 15),
(49, 16),
(49, 17),
(49, 18),
(50, 10),
(50, 11),
(50, 12),
(50, 13),
(50, 14),
(50, 15),
(50, 16),
(50, 17),
(50, 18),
(50, 19),
(51, 11),
(51, 12),
(51, 13),
(51, 14),
(51, 15),
(51, 16),
(51, 17),
(51, 18),
(51, 19),
(51, 20),
(52, 12),
(52, 13),
(52, 14),
(52, 15),
(52, 16),
(52, 17),
(52, 18),
(52, 19),
(52, 20),
(52, 1),
(53, 13),
(53, 14),
(53, 15),
(53, 16),
(53, 17),
(53, 18),
(53, 19),
(53, 20),
(53, 1),
(53, 2),
(54, 14),
(54, 15),
(54, 16),
(54, 17),
(54, 18),
(54, 19),
(54, 20),
(54, 1),
(54, 2),
(54, 3),
(55, 15),
(55, 16),
(55, 17),
(55, 18),
(55, 19),
(55, 20),
(55, 1),
(55, 2),
(55, 3),
(55, 4),
(56, 16),
(56, 17),
(56, 18),
(56, 19),
(56, 20),
(56, 1),
(56, 2),
(56, 3),
(56, 4),
(56, 5),
(57, 17),
(57, 18),
(57, 19),
(57, 20),
(57, 1),
(57, 2),
(57, 3),
(57, 4),
(57, 5),
(57, 6),
(58, 18),
(58, 19),
(58, 20),
(58, 1),
(58, 2),
(58, 3),
(58, 4),
(58, 5),
(58, 6),
(58, 7),
(59, 19),
(59, 20),
(59, 1),
(59, 2),
(59, 3),
(59, 4),
(59, 5),
(59, 6),
(59, 7),
(59, 8),
(60, 20),
(60, 1),
(60, 2),
(60, 3),
(60, 4),
(60, 5),
(60, 6),
(60, 7),
(60, 8),
(60, 9),
(61, 1),
(61, 2),
(61, 3),
(61, 4),
(61, 5),
(61, 6),
(61, 7),
(61, 8),
(61, 9),
(61, 10),
(62, 2),
(62, 3),
(62, 4),
(62, 5),
(62, 6),
(62, 7),
(62, 8),
(62, 9),
(62, 10),
(62, 11),
(63, 3),
(63, 4),
(63, 5),
(63, 6),
(63, 7),
(63, 8),
(63, 9),
(63, 10),
(63, 11),
(63, 12),
(64, 4),
(64, 5),
(64, 6),
(64, 7),
(64, 8),
(64, 9),
(64, 10),
(64, 11),
(64, 12),
(64, 13),
(65, 5),
(65, 6),
(65, 7),
(65, 8),
(65, 9),
(65, 10),
(65, 11),
(65, 12),
(65, 13),
(65, 14),
(66, 6),
(66, 7),
(66, 8),
(66, 9),
(66, 10),
(66, 11),
(66, 12),
(66, 13),
(66, 14),
(66, 15),
(67, 7),
(67, 8),
(67, 9),
(67, 10),
(67, 11),
(67, 12),
(67, 13),
(67, 14),
(67, 15),
(67, 16),
(68, 8),
(68, 9),
(68, 10),
(68, 11),
(68, 12),
(68, 13),
(68, 14),
(68, 15),
(68, 16),
(68, 17),
(69, 9),
(69, 10),
(69, 11),
(69, 12),
(69, 13),
(69, 14),
(69, 15),
(69, 16),
(69, 17),
(69, 18),
(70, 10),
(70, 11),
(70, 12),
(70, 13),
(70, 14),
(70, 15),
(70, 16),
(70, 17),
(70, 18),
(70, 19),
(71, 11),
(71, 12),
(71, 13),
(71, 14),
(71, 15),
(71, 16),
(71, 17),
(71, 18),
(71, 19),
(71, 20),
(72, 12),
(72, 13),
(72, 14),
(72, 15),
(72, 16),
(72, 17),
(72, 18),
(72, 19),
(72, 20),
(72, 1),
(73, 13),
(73, 14),
(73, 15),
(73, 16),
(73, 17),
(73, 18),
(73, 19),
(73, 20),
(73, 1),
(73, 2),
(74, 14),
(74, 15),
(74, 16),
(74, 17),
(74, 18),
(74, 19),
(74, 20),
(74, 1),
(74, 2),
(74, 3),
(75, 15),
(75, 16),
(75, 17),
(75, 18),
(75, 19),
(75, 20),
(75, 1),
(75, 2),
(75, 3),
(75, 4),
(76, 16),
(76, 17),
(76, 18),
(76, 19),
(76, 20),
(76, 1),
(76, 2),
(76, 3),
(76, 4),
(76, 5),
(77, 17),
(77, 18),
(77, 19),
(77, 20),
(77, 1),
(77, 2),
(77, 3),
(77, 4),
(77, 5),
(77, 6),
(78, 18),
(78, 19),
(78, 20),
(78, 1),
(78, 2),
(78, 3),
(78, 4),
(78, 5),
(78, 6),
(78, 7),
(79, 19),
(79, 20),
(79, 1),
(79, 2),
(79, 3),
(79, 4),
(79, 5),
(79, 6),
(79, 7),
(79, 8),
(80, 20),
(80, 1),
(80, 2),
(80, 3),
(80, 4),
(80, 5),
(80, 6),
(80, 7),
(80, 8),
(80, 9),
(81, 1),
(81, 2),
(81, 3),
(81, 4),
(81, 5),
(81, 6),
(81, 7),
(81, 8),
(81, 9),
(81, 10),
(82, 2),
(82, 3),
(82, 4),
(82, 5),
(82, 6),
(82, 7),
(82, 8),
(82, 9),
(82, 10),
(82, 11),
(83, 3),
(83, 4),
(83, 5),
(83, 6),
(83, 7),
(83, 8),
(83, 9),
(83, 10),
(83, 11),
(83, 12),
(84, 4),
(84, 5),
(84, 6),
(84, 7),
(84, 8),
(84, 9),
(84, 10),
(84, 11),
(84, 12),
(84, 13),
(85, 5),
(85, 6),
(85, 7),
(85, 8),
(85, 9),
(85, 10),
(85, 11),
(85, 12),
(85, 13),
(85, 14),
(86, 6),
(86, 7),
(86, 8),
(86, 9),
(86, 10),
(86, 11),
(86, 12),
(86, 13),
(86, 14),
(86, 15),
(87, 7),
(87, 8),
(87, 9),
(87, 10),
(87, 11),
(87, 12),
(87, 13),
(87, 14),
(87, 15),
(87, 16),
(88, 8),
(88, 9),
(88, 10),
(88, 11),
(88, 12),
(88, 13),
(88, 14),
(88, 15),
(88, 16),
(88, 17),
(89, 9),
(89, 10),
(89, 11),
(89, 12),
(89, 13),
(89, 14),
(89, 15),
(89, 16),
(89, 17),
(89, 18),
(90, 10),
(90, 11),
(90, 12),
(90, 13),
(90, 14),
(90, 15),
(90, 16),
(90, 17),
(90, 18),
(90, 19),
(91, 11),
(91, 12),
(91, 13),
(91, 14),
(91, 15),
(91, 16),
(91, 17),
(91, 18),
(91, 19),
(91, 20),
(92, 12),
(92, 13),
(92, 14),
(92, 15),
(92, 16),
(92, 17),
(92, 18),
(92, 19),
(92, 20),
(92, 1),
(93, 13),
(93, 14),
(93, 15),
(93, 16),
(93, 17),
(93, 18),
(93, 19),
(93, 20),
(93, 1),
(93, 2),
(94, 14),
(94, 15),
(94, 16),
(94, 17),
(94, 18),
(94, 19),
(94, 20),
(94, 1),
(94, 2),
(94, 3),
(95, 15),
(95, 16),
(95, 17),
(95, 18),
(95, 19),
(95, 20),
(95, 1),
(95, 2),
(95, 3),
(95, 4),
(96, 16),
(96, 17),
(96, 18),
(96, 19),
(96, 20),
(96, 1),
(96, 2),
(96, 3),
(96, 4),
(96, 5),
(97, 17),
(97, 18),
(97, 19),
(97, 20),
(97, 1),
(97, 2),
(97, 3),
(97, 4),
(97, 5),
(97, 6),
(98, 18),
(98, 19),
(98, 20),
(98, 1),
(98, 2),
(98, 3),
(98, 4),
(98, 5),
(98, 6),
(98, 7),
(99, 19),
(99, 20),
(99, 1),
(99, 2),
(99, 3),
(99, 4),
(99, 5),
(99, 6),
(99, 7),
(99, 8),
(100, 20),
(100, 1),
(100, 2),
(100, 3),
(100, 4),
(100, 5),
(100, 6),
(100, 7),
(100, 8),
(100, 9),
(101, 1),
(101, 2),
(101, 3),
(101, 4),
(101, 5),
(101, 6),
(101, 7),
(101, 8),
(101, 9),
(101, 10),
(102, 2),
(102, 3),
(102, 4),
(102, 5),
(102, 6),
(102, 7),
(102, 8),
(102, 9),
(102, 10),
(102, 11),
(103, 3),
(103, 4),
(103, 5),
(103, 6),
(103, 7),
(103, 8),
(103, 9),
(103, 10),
(103, 11),
(103, 12),
(104, 4),
(104, 5),
(104, 6),
(104, 7),
(104, 8),
(104, 9),
(104, 10),
(104, 11),
(104, 12),
(104, 13),
(105, 5),
(105, 6),
(105, 7),
(105, 8),
(105, 9),
(105, 10),
(105, 11),
(105, 12),
(105, 13),
(105, 14),
(106, 6),
(106, 7),
(106, 8),
(106, 9),
(106, 10),
(106, 11),
(106, 12),
(106, 13),
(106, 14),
(106, 15),
(107, 7),
(107, 8),
(107, 9),
(107, 10),
(107, 11),
(107, 12),
(107, 13),
(107, 14),
(107, 15),
(107, 16),
(108, 8),
(108, 9),
(108, 10),
(108, 11),
(108, 12),
(108, 13),
(108, 14),
(108, 15),
(108, 16),
(108, 17),
(109, 9),
(109, 10),
(109, 11),
(109, 12),
(109, 13),
(109, 14),
(109, 15),
(109, 16),
(109, 17),
(109, 18),
(110, 10),
(110, 11),
(110, 12),
(110, 13),
(110, 14),
(110, 15),
(110, 16),
(110, 17),
(110, 18),
(110, 19),
(111, 11),
(111, 12),
(111, 13),
(111, 14),
(111, 15),
(111, 16),
(111, 17),
(111, 18),
(111, 19),
(111, 20),
(112, 12),
(112, 13),
(112, 14),
(112, 15),
(112, 16),
(112, 17),
(112, 18),
(112, 19),
(112, 20),
(112, 1),
(113, 13),
(113, 14),
(113, 15),
(113, 16),
(113, 17),
(113, 18),
(113, 19),
(113, 20),
(113, 1),
(113, 2),
(114, 14),
(114, 15),
(114, 16),
(114, 17),
(114, 18),
(114, 19),
(114, 20),
(114, 1),
(114, 2),
(114, 3),
(115, 15),
(115, 16),
(115, 17),
(115, 18),
(115, 19),
(115, 20),
(115, 1),
(115, 2),
(115, 3),
(115, 4),
(116, 16),
(116, 17),
(116, 18),
(116, 19),
(116, 20),
(116, 1),
(116, 2),
(116, 3),
(116, 4),
(116, 5),
(117, 17),
(117, 18),
(117, 19),
(117, 20),
(117, 1),
(117, 2),
(117, 3),
(117, 4),
(117, 5),
(117, 6),
(118, 18),
(118, 19),
(118, 20),
(118, 1),
(118, 2),
(118, 3),
(118, 4),
(118, 5),
(118, 6),
(118, 7),
(119, 19),
(119, 20),
(119, 1),
(119, 2),
(119, 3),
(119, 4),
(119, 5),
(119, 6),
(119, 7),
(119, 8),
(120, 20),
(120, 1),
(120, 2),
(120, 3),
(120, 4),
(120, 5),
(120, 6),
(120, 7),
(120, 8),
(120, 9),
(121, 1),
(121, 2),
(121, 3),
(121, 4),
(121, 5),
(121, 6),
(121, 7),
(121, 8),
(121, 9),
(121, 10),
(122, 2),
(122, 3),
(122, 4),
(122, 5),
(122, 6),
(122, 7),
(122, 8),
(122, 9),
(122, 10),
(122, 11),
(123, 3),
(123, 4),
(123, 5),
(123, 6),
(123, 7),
(123, 8),
(123, 9),
(123, 10),
(123, 11),
(123, 12),
(124, 4),
(124, 5),
(124, 6),
(124, 7),
(124, 8),
(124, 9),
(124, 10),
(124, 11),
(124, 12),
(124, 13),
(125, 5),
(125, 6),
(125, 7),
(125, 8),
(125, 9),
(125, 10),
(125, 11),
(125, 12),
(125, 13),
(125, 14),
(126, 6),
(126, 7),
(126, 8),
(126, 9),
(126, 10),
(126, 11),
(126, 12),
(126, 13),
(126, 14),
(126, 15),
(127, 7),
(127, 8),
(127, 9),
(127, 10),
(127, 11),
(127, 12),
(127, 13),
(127, 14),
(127, 15),
(127, 16),
(128, 8),
(128, 9),
(128, 10),
(128, 11),
(128, 12),
(128, 13),
(128, 14),
(128, 15),
(128, 16),
(128, 17),
(129, 9),
(129, 10),
(129, 11),
(129, 12),
(129, 13),
(129, 14),
(129, 15),
(129, 16),
(129, 17),
(129, 18),
(130, 10),
(130, 11),
(130, 12),
(130, 13),
(130, 14),
(130, 15),
(130, 16),
(130, 17),
(130, 18),
(130, 19),
(131, 11),
(131, 12),
(131, 13),
(131, 14),
(131, 15),
(131, 16),
(131, 17),
(131, 18),
(131, 19),
(131, 20),
(132, 12),
(132, 13),
(132, 14),
(132, 15),
(132, 16),
(132, 17),
(132, 18),
(132, 19),
(132, 20),
(132, 1),
(133, 13),
(133, 14),
(133, 15),
(133, 16),
(133, 17),
(133, 18),
(133, 19),
(133, 20),
(133, 1),
(133, 2),
(134, 14),
(134, 15),
(134, 16),
(134, 17),
(134, 18),
(134, 19),
(134, 20),
(134, 1),
(134, 2),
(134, 3),
(135, 15),
(135, 16),
(135, 17),
(135, 18),
(135, 19),
(135, 20),
(135, 1),
(135, 2),
(135, 3),
(135, 4),
(136, 16),
(136, 17),
(136, 18),
(136, 19),
(136, 20),
(136, 1),
(136, 2),
(136, 3),
(136, 4),
(136, 5),
(137, 17),
(137, 18),
(137, 19),
(137, 20),
(137, 1),
(137, 2),
(137, 3),
(137, 4),
(137, 5),
(137, 6),
(138, 18),
(138, 19),
(138, 20),
(138, 1),
(138, 2),
(138, 3),
(138, 4),
(138, 5),
(138, 6),
(138, 7),
(139, 19),
(139, 20),
(139, 1),
(139, 2),
(139, 3),
(139, 4),
(139, 5),
(139, 6),
(139, 7),
(139, 8),
(140, 20),
(140, 1),
(140, 2),
(140, 3),
(140, 4),
(140, 5),
(140, 6),
(140, 7),
(140, 8),
(140, 9),
(141, 1),
(141, 2),
(141, 3),
(141, 4),
(141, 5),
(141, 6),
(141, 7),
(141, 8),
(141, 9),
(141, 10),
(142, 2),
(142, 3),
(142, 4),
(142, 5),
(142, 6),
(142, 7),
(142, 8),
(142, 9),
(142, 10),
(142, 11),
(143, 3),
(143, 4),
(143, 5),
(143, 6),
(143, 7),
(143, 8),
(143, 9),
(143, 10),
(143, 11),
(143, 12),
(144, 4),
(144, 5),
(144, 6),
(144, 7),
(144, 8),
(144, 9),
(144, 10),
(144, 11),
(144, 12),
(144, 13),
(145, 5),
(145, 6),
(145, 7),
(145, 8),
(145, 9),
(145, 10),
(145, 11),
(145, 12),
(145, 13),
(145, 14),
(146, 6),
(146, 7),
(146, 8),
(146, 9),
(146, 10),
(146, 11),
(146, 12),
(146, 13),
(146, 14),
(146, 15),
(147, 7),
(147, 8),
(147, 9),
(147, 10),
(147, 11),
(147, 12),
(147, 13),
(147, 14),
(147, 15),
(147, 16),
(148, 8),
(148, 9),
(148, 10),
(148, 11),
(148, 12),
(148, 13),
(148, 14),
(148, 15),
(148, 16),
(148, 17),
(149, 9),
(149, 10),
(149, 11),
(149, 12),
(149, 13),
(149, 14),
(149, 15),
(149, 16),
(149, 17),
(149, 18),
(150, 10),
(150, 11),
(150, 12),
(150, 13),
(150, 14),
(150, 15),
(150, 16),
(150, 17),
(150, 18),
(150, 19),
(151, 11),
(151, 12),
(151, 13),
(151, 14),
(151, 15),
(151, 16),
(151, 17),
(151, 18),
(151, 19),
(151, 20),
(152, 12),
(152, 13),
(152, 14),
(152, 15),
(152, 16),
(152, 17),
(152, 18),
(152, 19),
(152, 20),
(152, 1),
(153, 13),
(153, 14),
(153, 15),
(153, 16),
(153, 17),
(153, 18),
(153, 19),
(153, 20),
(153, 1),
(153, 2),
(154, 14),
(154, 15),
(154, 16),
(154, 17),
(154, 18),
(154, 19),
(154, 20),
(154, 1),
(154, 2),
(154, 3),
(155, 15),
(155, 16),
(155, 17),
(155, 18),
(155, 19),
(155, 20),
(155, 1),
(155, 2),
(155, 3),
(155, 4),
(156, 16),
(156, 17),
(156, 18),
(156, 19),
(156, 20),
(156, 1),
(156, 2),
(156, 3),
(156, 4),
(156, 5),
(157, 17),
(157, 18),
(157, 19),
(157, 20),
(157, 1),
(157, 2),
(157, 3),
(157, 4),
(157, 5),
(157, 6),
(158, 18),
(158, 19),
(158, 20),
(158, 1),
(158, 2),
(158, 3),
(158, 4),
(158, 5),
(158, 6),
(158, 7),
(159, 19),
(159, 20),
(159, 1),
(159, 2),
(159, 3),
(159, 4),
(159, 5),
(159, 6),
(159, 7),
(159, 8),
(160, 20),
(160, 1),
(160, 2),
(160, 3),
(160, 4),
(160, 5),
(160, 6),
(160, 7),
(160, 8),
(160, 9),
(161, 1),
(161, 2),
(161, 3),
(161, 4),
(161, 5),
(161, 6),
(161, 7),
(161, 8),
(161, 9),
(161, 10),
(162, 2),
(162, 3),
(162, 4),
(162, 5),
(162, 6),
(162, 7),
(162, 8),
(162, 9),
(162, 10),
(162, 11),
(163, 3),
(163, 4),
(163, 5),
(163, 6),
(163, 7),
(163, 8),
(163, 9),
(163, 10),
(163, 11),
(163, 12),
(164, 4),
(164, 5),
(164, 6),
(164, 7),
(164, 8),
(164, 9),
(164, 10),
(164, 11),
(164, 12),
(164, 13),
(165, 5),
(165, 6),
(165, 7),
(165, 8),
(165, 9),
(165, 10),
(165, 11),
(165, 12),
(165, 13),
(165, 14),
(166, 6),
(166, 7),
(166, 8),
(166, 9),
(166, 10),
(166, 11),
(166, 12),
(166, 13),
(166, 14),
(166, 15),
(167, 7),
(167, 8),
(167, 9),
(167, 10),
(167, 11),
(167, 12),
(167, 13),
(167, 14),
(167, 15),
(167, 16),
(168, 8),
(168, 9),
(168, 10),
(168, 11),
(168, 12),
(168, 13),
(168, 14),
(168, 15),
(168, 16),
(168, 17),
(169, 9),
(169, 10),
(169, 11),
(169, 12),
(169, 13),
(169, 14),
(169, 15),
(169, 16),
(169, 17),
(169, 18),
(170, 10),
(170, 11),
(170, 12),
(170, 13),
(170, 14),
(170, 15),
(170, 16),
(170, 17),
(170, 18),
(170, 19),
(171, 11),
(171, 12),
(171, 13),
(171, 14),
(171, 15),
(171, 16),
(171, 17),
(171, 18),
(171, 19),
(171, 20),
(172, 12),
(172, 13),
(172, 14),
(172, 15),
(172, 16),
(172, 17),
(172, 18),
(172, 19),
(172, 20),
(172, 1),
(173, 13),
(173, 14),
(173, 15),
(173, 16),
(173, 17),
(173, 18),
(173, 19),
(173, 20),
(173, 1),
(173, 2),
(174, 14),
(174, 15),
(174, 16),
(174, 17),
(174, 18),
(174, 19),
(174, 20),
(174, 1),
(174, 2),
(174, 3),
(175, 15),
(175, 16),
(175, 17),
(175, 18),
(175, 19),
(175, 20),
(175, 1),
(175, 2),
(175, 3),
(175, 4),
(176, 16),
(176, 17),
(176, 18),
(176, 19),
(176, 20),
(176, 1),
(176, 2),
(176, 3),
(176, 4),
(176, 5),
(177, 17),
(177, 18),
(177, 19),
(177, 20),
(177, 1),
(177, 2),
(177, 3),
(177, 4),
(177, 5),
(177, 6),
(178, 18),
(178, 19),
(178, 20),
(178, 1),
(178, 2),
(178, 3),
(178, 4),
(178, 5),
(178, 6),
(178, 7),
(179, 19),
(179, 20),
(179, 1),
(179, 2),
(179, 3),
(179, 4),
(179, 5),
(179, 6),
(179, 7),
(179, 8),
(180, 20),
(180, 1),
(180, 2),
(180, 3),
(180, 4),
(180, 5),
(180, 6),
(180, 7),
(180, 8),
(180, 9),
(181, 1),
(181, 2),
(181, 3),
(181, 4),
(181, 5),
(181, 6),
(181, 7),
(181, 8),
(181, 9),
(181, 10),
(182, 2),
(182, 3),
(182, 4),
(182, 5),
(182, 6),
(182, 7),
(182, 8),
(182, 9),
(182, 10),
(182, 11),
(183, 3),
(183, 4),
(183, 5),
(183, 6),
(183, 7),
(183, 8),
(183, 9),
(183, 10),
(183, 11),
(183, 12),
(184, 4),
(184, 5),
(184, 6),
(184, 7),
(184, 8),
(184, 9),
(184, 10),
(184, 11),
(184, 12),
(184, 13),
(185, 5),
(185, 6),
(185, 7),
(185, 8),
(185, 9),
(185, 10),
(185, 11),
(185, 12),
(185, 13),
(185, 14),
(186, 6),
(186, 7),
(186, 8),
(186, 9),
(186, 10),
(186, 11),
(186, 12),
(186, 13),
(186, 14),
(186, 15),
(187, 7),
(187, 8),
(187, 9),
(187, 10),
(187, 11),
(187, 12),
(187, 13),
(187, 14),
(187, 15),
(187, 16),
(188, 8),
(188, 9),
(188, 10),
(188, 11),
(188, 12),
(188, 13),
(188, 14),
(188, 15),
(188, 16),
(188, 17),
(189, 9),
(189, 10),
(189, 11),
(189, 12),
(189, 13),
(189, 14),
(189, 15),
(189, 16),
(189, 17),
(189, 18),
(190, 10),
(190, 11),
(190, 12),
(190, 13),
(190, 14),
(190, 15),
(190, 16),
(190, 17),
(190, 18),
(190, 19),
(191, 11),
(191, 12),
(191, 13),
(191, 14),
(191, 15),
(191, 16),
(191, 17),
(191, 18),
(191, 19),
(191, 20),
(192, 12),
(192, 13),
(192, 14),
(192, 15),
(192, 16),
(192, 17),
(192, 18),
(192, 19),
(192, 20),
(192, 1),
(193, 13),
(193, 14),
(193, 15),
(193, 16),
(193, 17),
(193, 18),
(193, 19),
(193, 20),
(193, 1),
(193, 2),
(194, 14),
(194, 15),
(194, 16),
(194, 17),
(194, 18),
(194, 19),
(194, 20),
(194, 1),
(194, 2),
(194, 3),
(195, 15),
(195, 16),
(195, 17),
(195, 18),
(195, 19),
(195, 20),
(195, 1),
(195, 2),
(195, 3),
(195, 4),
(196, 16),
(196, 17),
(196, 18),
(196, 19),
(196, 20),
(196, 1),
(196, 2),
(196, 3),
(196, 4),
(196, 5),
(197, 17),
(197, 18),
(197, 19),
(197, 20),
(197, 1),
(197, 2),
(197, 3),
(197, 4),
(197, 5),
(197, 6),
(198, 18),
(198, 19),
(198, 20),
(198, 1),
(198, 2),
(198, 3),
(198, 4),
(198, 5),
(198, 6),
(198, 7),
(199, 19),
(199, 20),
(199, 1),
(199, 2),
(199, 3),
(199, 4),
(199, 5),
(199, 6),
(199, 7),
(199, 8),
(200, 20),
(200, 1),
(200, 2),
(200, 3),
(200, 4),
(200, 5),
(200, 6),
(200, 7),
(200, 8),
(200, 9),
(201, 1),
(201, 2),
(201, 3),
(201, 4),
(201, 5),
(201, 6),
(201, 7),
(201, 8),
(201, 9),
(201, 10),
(202, 2),
(202, 3),
(202, 4),
(202, 5),
(202, 6),
(202, 7),
(202, 8),
(202, 9),
(202, 10),
(202, 11),
(203, 3),
(203, 4),
(203, 5),
(203, 6),
(203, 7),
(203, 8),
(203, 9),
(203, 10),
(203, 11),
(203, 12),
(204, 4),
(204, 5),
(204, 6),
(204, 7),
(204, 8),
(204, 9),
(204, 10),
(204, 11),
(204, 12),
(204, 13),
(205, 5),
(205, 6),
(205, 7),
(205, 8),
(205, 9),
(205, 10),
(205, 11),
(205, 12),
(205, 13),
(205, 14),
(206, 6),
(206, 7),
(206, 8),
(206, 9),
(206, 10),
(206, 11),
(206, 12),
(206, 13),
(206, 14),
(206, 15),
(207, 7),
(207, 8),
(207, 9),
(207, 10),
(207, 11),
(207, 12),
(207, 13),
(207, 14),
(207, 15),
(207, 16),
(208, 8),
(208, 9),
(208, 10),
(208, 11),
(208, 12),
(208, 13),
(208, 14),
(208, 15),
(208, 16),
(208, 17),
(209, 9),
(209, 10),
(209, 11),
(209, 12),
(209, 13),
(209, 14),
(209, 15),
(209, 16),
(209, 17),
(209, 18),
(210, 10),
(210, 11),
(210, 12),
(210, 13),
(210, 14),
(210, 15),
(210, 16),
(210, 17),
(210, 18),
(210, 19),
(211, 11),
(211, 12),
(211, 13),
(211, 14),
(211, 15),
(211, 16),
(211, 17),
(211, 18),
(211, 19),
(211, 20),
(212, 12),
(212, 13),
(212, 14),
(212, 15),
(212, 16),
(212, 17),
(212, 18),
(212, 19),
(212, 20),
(212, 1),
(213, 13),
(213, 14),
(213, 15),
(213, 16),
(213, 17),
(213, 18),
(213, 19),
(213, 20),
(213, 1),
(213, 2),
(214, 14),
(214, 15),
(214, 16),
(214, 17),
(214, 18),
(214, 19),
(214, 20),
(214, 1),
(214, 2),
(214, 3),
(215, 15),
(215, 16),
(215, 17),
(215, 18),
(215, 19),
(215, 20),
(215, 1),
(215, 2),
(215, 3),
(215, 4),
(216, 16),
(216, 17),
(216, 18),
(216, 19),
(216, 20),
(216, 1),
(216, 2),
(216, 3),
(216, 4),
(216, 5),
(217, 17),
(217, 18),
(217, 19),
(217, 20),
(217, 1),
(217, 2),
(217, 3),
(217, 4),
(217, 5),
(217, 6),
(218, 18),
(218, 19),
(218, 20),
(218, 1),
(218, 2),
(218, 3),
(218, 4),
(218, 5),
(218, 6),
(218, 7),
(219, 19),
(219, 20),
(219, 1),
(219, 2),
(219, 3),
(219, 4),
(219, 5),
(219, 6),
(219, 7),
(219, 8),
(220, 20),
(220, 1),
(220, 2),
(220, 3),
(220, 4),
(220, 5),
(220, 6),
(220, 7),
(220, 8),
(220, 9),
(221, 1),
(221, 2),
(221, 3),
(221, 4),
(221, 5),
(221, 6),
(221, 7),
(221, 8),
(221, 9),
(221, 10),
(222, 2),
(222, 3),
(222, 4),
(222, 5),
(222, 6),
(222, 7),
(222, 8),
(222, 9),
(222, 10),
(222, 11),
(223, 3),
(223, 4),
(223, 5),
(223, 6),
(223, 7),
(223, 8),
(223, 9),
(223, 10),
(223, 11),
(223, 12),
(224, 4),
(224, 5),
(224, 6),
(224, 7),
(224, 8),
(224, 9),
(224, 10),
(224, 11),
(224, 12),
(224, 13),
(225, 5),
(225, 6),
(225, 7),
(225, 8),
(225, 9),
(225, 10),
(225, 11),
(225, 12),
(225, 13),
(225, 14),
(226, 6),
(226, 7),
(226, 8),
(226, 9),
(226, 10),
(226, 11),
(226, 12),
(226, 13),
(226, 14),
(226, 15),
(227, 7),
(227, 8),
(227, 9),
(227, 10),
(227, 11),
(227, 12),
(227, 13),
(227, 14),
(227, 15),
(227, 16),
(228, 8),
(228, 9),
(228, 10),
(228, 11),
(228, 12),
(228, 13),
(228, 14),
(228, 15),
(228, 16),
(228, 17),
(229, 9),
(229, 10),
(229, 11),
(229, 12),
(229, 13),
(229, 14),
(229, 15),
(229, 16),
(229, 17),
(229, 18),
(230, 10),
(230, 11),
(230, 12),
(230, 13),
(230, 14),
(230, 15),
(230, 16),
(230, 17),
(230, 18),
(230, 19),
(231, 11),
(231, 12),
(231, 13),
(231, 14),
(231, 15),
(231, 16),
(231, 17),
(231, 18),
(231, 19),
(231, 20),
(232, 12),
(232, 13),
(232, 14),
(232, 15),
(232, 16),
(232, 17),
(232, 18),
(232, 19),
(232, 20),
(232, 1),
(233, 13),
(233, 14),
(233, 15),
(233, 16),
(233, 17),
(233, 18),
(233, 19),
(233, 20),
(233, 1),
(233, 2),
(234, 14),
(234, 15),
(234, 16),
(234, 17),
(234, 18),
(234, 19),
(234, 20),
(234, 1),
(234, 2),
(234, 3),
(235, 15),
(235, 16),
(235, 17),
(235, 18),
(235, 19),
(235, 20),
(235, 1),
(235, 2),
(235, 3),
(235, 4),
(236, 16),
(236, 17),
(236, 18),
(236, 19),
(236, 20),
(236, 1),
(236, 2),
(236, 3),
(236, 4),
(236, 5),
(237, 17),
(237, 18),
(237, 19),
(237, 20),
(237, 1),
(237, 2),
(237, 3),
(237, 4),
(237, 5),
(237, 6),
(238, 18),
(238, 19),
(238, 20),
(238, 1),
(238, 2),
(238, 3),
(238, 4),
(238, 5),
(238, 6),
(238, 7),
(239, 19),
(239, 20),
(239, 1),
(239, 2),
(239, 3),
(239, 4),
(239, 5),
(239, 6),
(239, 7),
(239, 8),
(240, 20),
(240, 1),
(240, 2),
(240, 3),
(240, 4),
(240, 5),
(240, 6),
(240, 7),
(240, 8),
(240, 9),
(241, 1),
(241, 2),
(241, 3),
(241, 4),
(241, 5),
(241, 6),
(241, 7),
(241, 8),
(241, 9),
(241, 10),
(242, 2),
(242, 3),
(242, 4),
(242, 5),
(242, 6),
(242, 7),
(242, 8),
(242, 9),
(242, 10),
(242, 11),
(243, 3),
(243, 4),
(243, 5),
(243, 6),
(243, 7),
(243, 8),
(243, 9),
(243, 10),
(243, 11),
(243, 12),
(244, 4),
(244, 5),
(244, 6),
(244, 7),
(244, 8),
(244, 9),
(244, 10),
(244, 11),
(244, 12),
(244, 13),
(245, 5),
(245, 6),
(245, 7),
(245, 8),
(245, 9),
(245, 10),
(245, 11),
(245, 12),
(245, 13),
(245, 14),
(246, 6),
(246, 7),
(246, 8),
(246, 9),
(246, 10),
(246, 11),
(246, 12),
(246, 13),
(246, 14),
(246, 15),
(247, 7),
(247, 8),
(247, 9),
(247, 10),
(247, 11),
(247, 12),
(247, 13),
(247, 14),
(247, 15),
(247, 16),
(248, 8),
(248, 9),
(248, 10),
(248, 11),
(248, 12),
(248, 13),
(248, 14),
(248, 15),
(248, 16),
(248, 17),
(249, 9),
(249, 10),
(249, 11),
(249, 12),
(249, 13),
(249, 14),
(249, 15),
(249, 16),
(249, 17),
(249, 18),
(250, 10),
(250, 11),
(250, 12),
(250, 13),
(250, 14),
(250, 15),
(250, 16),
(250, 17),
(250, 18),
(250, 19),
(251, 11),
(251, 12),
(251, 13),
(251, 14),
(251, 15),
(251, 16),
(251, 17),
(251, 18),
(251, 19),
(251, 20),
(252, 12),
(252, 13),
(252, 14),
(252, 15),
(252, 16),
(252, 17),
(252, 18),
(252, 19),
(252, 20),
(252, 1),
(253, 13),
(253, 14),
(253, 15),
(253, 16),
(253, 17),
(253, 18),
(253, 19),
(253, 20),
(253, 1),
(253, 2),
(254, 14),
(254, 15),
(254, 16),
(254, 17),
(254, 18),
(254, 19),
(254, 20),
(254, 1),
(254, 2),
(254, 3),
(255, 15),
(255, 16),
(255, 17),
(255, 18),
(255, 19),
(255, 20),
(255, 1),
(255, 2),
(255, 3),
(255, 4),
(256, 16),
(256, 17),
(256, 18),
(256, 19),
(256, 20),
(256, 1),
(256, 2),
(256, 3),
(256, 4),
(256, 5),
(257, 17),
(257, 18),
(257, 19),
(257, 20),
(257, 1),
(257, 2),
(257, 3),
(257, 4),
(257, 5),
(257, 6),
(258, 18),
(258, 19),
(258, 20),
(258, 1),
(258, 2),
(258, 3),
(258, 4),
(258, 5),
(258, 6),
(258, 7),
(259, 19),
(259, 20),
(259, 1),
(259, 2),
(259, 3),
(259, 4),
(259, 5),
(259, 6),
(259, 7),
(259, 8),
(260, 20),
(260, 1),
(260, 2),
(260, 3),
(260, 4),
(260, 5),
(260, 6),
(260, 7),
(260, 8),
(260, 9),
(261, 1),
(261, 2),
(261, 3),
(261, 4),
(261, 5),
(261, 6),
(261, 7),
(261, 8),
(261, 9),
(261, 10);

INSERT INTO operating_system (id_operating_system, name, description) VALUES
(1, 'Windows', 'Windows je nejuniverzálnější herní platforma s podporou pro obrovské množství her, od retro titulů až po nejnovější AAA trháky. Díky zpětné kompatibilitě a technologiím jako DirectX, většina her na trhu běží právě na Windows 10 a 11.'),
(2, 'MacOS', 'Na macOS je podporována celá řada her, od nativních titulů pro Apple Silicon (čipy M1/M2/M3) až po populární hry. Mezi špičkové hry patří Baldur’s Gate 3, Resident Evil: Village, Lies of P, řada Tomb Raider, Civilization VI, The Sims 4 či Minecraft.'),
(3, 'GNU/Linux', 'Na Linuxu je dnes podporováno obrovské množství her, a to jak nativně (přímo pro Linux), tak přes vrstvy kompatibility (Proton/Wine). Díky našé platformě je herní knihovna na Linuxu velmi široká.');

INSERT INTO operating_system_game (operating_system_id, game_id) VALUES
(1, 1),
(2, 1),
(1, 2),
(2, 2),
(1, 3),
(3, 3),
(1, 4),
(2, 4),
(1, 5),
(2, 5),
(1, 6),
(3, 6),
(1, 7),
(2, 7),
(1, 8),
(2, 8),
(1, 9),
(3, 9),
(1, 10),
(2, 10),
(1, 11),
(2, 11),
(1, 12),
(3, 12),
(1, 13),
(2, 13),
(1, 14),
(2, 14),
(1, 15),
(3, 15),
(1, 16),
(2, 16),
(1, 17),
(2, 17),
(1, 18),
(3, 18),
(1, 19),
(2, 19),
(1, 20),
(2, 20),
(1, 21),
(3, 21),
(1, 22),
(2, 22),
(1, 23),
(2, 23),
(1, 24),
(3, 24),
(1, 25),
(2, 25),
(1, 26),
(2, 26),
(1, 27),
(3, 27),
(1, 28),
(2, 28),
(1, 29),
(2, 29),
(1, 30),
(3, 30),
(1, 31),
(2, 31),
(1, 32),
(2, 32),
(1, 33),
(3, 33),
(1, 34),
(2, 34),
(1, 35),
(2, 35),
(1, 36),
(3, 36),
(1, 37),
(2, 37),
(1, 38),
(2, 38),
(1, 39),
(3, 39),
(1, 40),
(2, 40),
(1, 41),
(2, 41),
(1, 42),
(3, 42),
(1, 43),
(2, 43),
(1, 44),
(2, 44),
(1, 45),
(3, 45),
(1, 46),
(2, 46),
(1, 47),
(2, 47),
(1, 48),
(3, 48),
(1, 49),
(2, 49),
(1, 50),
(2, 50),
(1, 51),
(3, 51),
(1, 52),
(2, 52),
(1, 53),
(2, 53),
(1, 54),
(3, 54),
(1, 55),
(2, 55),
(1, 56),
(2, 56),
(1, 57),
(3, 57),
(1, 58),
(2, 58),
(1, 59),
(2, 59),
(1, 60),
(3, 60),
(1, 61),
(2, 61),
(1, 62),
(2, 62),
(1, 63),
(3, 63),
(1, 64),
(2, 64),
(1, 65),
(2, 65),
(1, 66),
(3, 66),
(1, 67),
(2, 67),
(1, 68),
(2, 68),
(1, 69),
(3, 69),
(1, 70),
(2, 70),
(1, 71),
(2, 71),
(1, 72),
(3, 72),
(1, 73),
(2, 73),
(1, 74),
(2, 74),
(1, 75),
(3, 75),
(1, 76),
(2, 76),
(1, 77),
(2, 77),
(1, 78),
(3, 78),
(1, 79),
(2, 79),
(1, 80),
(2, 80),
(1, 81),
(3, 81),
(1, 82),
(2, 82),
(1, 83),
(2, 83),
(1, 84),
(3, 84),
(1, 85),
(2, 85),
(1, 86),
(2, 86),
(1, 87),
(3, 87),
(1, 88),
(2, 88),
(1, 89),
(2, 89),
(1, 90),
(3, 90),
(1, 91),
(2, 91),
(1, 92),
(2, 92),
(1, 93),
(3, 93),
(1, 94),
(2, 94),
(1, 95),
(2, 95),
(1, 96),
(3, 96),
(1, 97),
(2, 97),
(1, 98),
(2, 98),
(1, 99),
(3, 99),
(1, 100),
(2, 100),
(1, 101),
(2, 101),
(1, 102),
(3, 102),
(1, 103),
(2, 103),
(1, 104),
(2, 104),
(1, 105),
(3, 105),
(1, 106),
(2, 106),
(1, 107),
(2, 107),
(1, 108),
(3, 108),
(1, 109),
(2, 109),
(1, 110),
(2, 110),
(1, 111),
(3, 111),
(1, 112),
(2, 112),
(1, 113),
(2, 113),
(1, 114),
(3, 114),
(1, 115),
(2, 115),
(1, 116),
(2, 116),
(1, 117),
(3, 117),
(1, 118),
(2, 118),
(1, 119),
(2, 119),
(1, 120),
(3, 120),
(1, 121),
(2, 121),
(1, 122),
(2, 122),
(1, 123),
(3, 123),
(1, 124),
(2, 124),
(1, 125),
(2, 125),
(1, 126),
(3, 126),
(1, 127),
(2, 127),
(1, 128),
(2, 128),
(1, 129),
(3, 129),
(1, 130),
(2, 130),
(1, 131),
(2, 131),
(1, 132),
(3, 132),
(1, 133),
(2, 133),
(1, 134),
(2, 134),
(1, 135),
(3, 135),
(1, 136),
(2, 136),
(1, 137),
(2, 137),
(1, 138),
(3, 138),
(1, 139),
(2, 139),
(1, 140),
(2, 140),
(1, 141),
(3, 141),
(1, 142),
(2, 142),
(1, 143),
(2, 143),
(1, 144),
(3, 144),
(1, 145),
(2, 145),
(1, 146),
(2, 146),
(1, 147),
(3, 147),
(1, 148),
(2, 148),
(1, 149),
(2, 149),
(1, 150),
(3, 150),
(1, 151),
(2, 151),
(1, 152),
(2, 152),
(1, 153),
(3, 153),
(1, 154),
(2, 154),
(1, 155),
(2, 155),
(1, 156),
(3, 156),
(1, 157),
(2, 157),
(1, 158),
(2, 158),
(1, 159),
(3, 159),
(1, 160),
(2, 160),
(1, 161),
(2, 161),
(1, 162),
(3, 162),
(1, 163),
(2, 163),
(1, 164),
(2, 164),
(1, 165),
(3, 165),
(1, 166),
(2, 166),
(1, 167),
(2, 167),
(1, 168),
(3, 168),
(1, 169),
(2, 169),
(1, 170),
(2, 170),
(1, 171),
(3, 171),
(1, 172),
(2, 172),
(1, 173),
(2, 173),
(1, 174),
(3, 174),
(1, 175),
(2, 175),
(1, 176),
(2, 176),
(1, 177),
(3, 177),
(1, 178),
(2, 178),
(1, 179),
(2, 179),
(1, 180),
(3, 180),
(1, 181),
(2, 181),
(1, 182),
(2, 182),
(1, 183),
(3, 183),
(1, 184),
(2, 184),
(1, 185),
(2, 185),
(1, 186),
(3, 186),
(1, 187),
(2, 187),
(1, 188),
(2, 188),
(1, 189),
(3, 189),
(1, 190),
(2, 190),
(1, 191),
(2, 191),
(1, 192),
(3, 192),
(1, 193),
(2, 193),
(1, 194),
(2, 194),
(1, 195),
(3, 195),
(1, 196),
(2, 196),
(1, 197),
(2, 197),
(1, 198),
(3, 198),
(1, 199),
(2, 199),
(1, 200),
(2, 200),
(1, 201),
(3, 201),
(1, 202),
(2, 202),
(1, 203),
(2, 203),
(1, 204),
(3, 204),
(1, 205),
(2, 205),
(1, 206),
(2, 206),
(1, 207),
(3, 207),
(1, 208),
(2, 208),
(1, 209),
(2, 209),
(1, 210),
(3, 210),
(1, 211),
(2, 211),
(1, 212),
(2, 212),
(1, 213),
(3, 213),
(1, 214),
(2, 214),
(1, 215),
(2, 215),
(1, 216),
(3, 216),
(1, 217),
(2, 217),
(1, 218),
(2, 218),
(1, 219),
(3, 219),
(1, 220),
(2, 220),
(1, 221),
(2, 221),
(1, 222),
(3, 222),
(1, 223),
(2, 223),
(1, 224),
(2, 224),
(1, 225),
(3, 225),
(1, 226),
(2, 226),
(1, 227),
(2, 227),
(1, 228),
(3, 228),
(1, 229),
(2, 229),
(1, 230),
(2, 230),
(1, 231),
(3, 231),
(1, 232),
(2, 232),
(1, 233),
(2, 233),
(1, 234),
(3, 234),
(1, 235),
(2, 235),
(1, 236),
(2, 236),
(1, 237),
(3, 237),
(1, 238),
(2, 238),
(1, 239),
(2, 239),
(1, 240),
(3, 240),
(1, 241),
(2, 241),
(1, 242),
(2, 242),
(1, 243),
(3, 243),
(1, 244),
(2, 244),
(1, 245),
(2, 245),
(1, 246),
(3, 246),
(1, 247),
(2, 247),
(1, 248),
(2, 248),
(1, 249),
(3, 249),
(1, 250),
(2, 250),
(1, 251),
(2, 251),
(1, 252),
(3, 252),
(1, 253),
(2, 253),
(1, 254),
(2, 254),
(1, 255),
(3, 255),
(1, 256),
(2, 256),
(1, 257),
(2, 257),
(1, 258),
(3, 258),
(1, 259),
(2, 259),
(1, 260),
(2, 260),
(1, 261),
(3, 261);

SET SQL_MODE=@OLD_SQL_MODE;
SET FOREIGN_KEY_CHECKS=@OLD_FOREIGN_KEY_CHECKS;
SET UNIQUE_CHECKS=@OLD_UNIQUE_CHECKS;